product_name,interaction_count
Atasan Knit Wanita,8
AMOENE [MADE] Long Strap Dress Navy,7
This Is April Atasan Kemeja Lengan Panjang,7
This Is April Rok Midi Crochet Wanita,5
Hosofshopaholic - Darel Skirt,5
Sora Plaid Blazer Lengan Panjang / Blazer Casual Wanita,5
Midi Dress Tropical Flowers,5
Celana Cargo Pendek Anak Laki-Laki Bahan Dusky Crinkle/Parasut,5
Lafiye Skiv Rou Scarf,4
HEELSADDICT Mini Amber Laser Cut Sling Bag,4
BAGSMART Travel Toiletry Bag,4
SHOEBALI Heels 021-218,4
Celana Pendek Anak Polos fashion Santai,3
URBAN&CO BASIC Sandal Wanita Sendal Teplek Casual - Demi,3
ORO PANTS,3
Arabian Voile (Hijab Voal) | MINIMSLM,3
Setelan Jas Dan Celana Pria Formal,3
Workout Stretwear x Scribbles Tshirt Oversize Basic Dreamer pakaian pria dan wanita,3
Kebaya Encim A-Line Bordir,3
Moly Bag TGIF,3
Long Strap Dress,3
AGE FREE Tya Bag Mini Sling Bag,3
DUSHI Jonah flat - Sandal wanita teplek,3
Structured Ball Cap Cream,3
Compass Velocity Black,3
Baju Kaos Roblox anak Laki-laki cowok,3
Breakside Polo Shirt Gavriel - Darkgrey Polo Shirt Pria,3
Sepatu wanita sneakers,3
Tunik Aruna-Seri Ice,3
Baju Atasan Lengan Pendek Wanita,2
Atasan Basic Wanita,2
Celana korduroi pinggang tinggi,2
Jaket Jeans Wanita,2
Lozy Hijab - Polly Cotton Square,2
Geoff Kids - Ethan Kids Black Gum,2
Voal Motif Printing Sublim Segiempat Premium,2
Sepatu Anak Laki Laki Perempuan Sneakers Kids,2
Celana Panjang Highwaist Wanita,2
Celana Kulot Uniqllo Pants,2
Sweater New Suls,2
Zerotwentytwo T-Shirt Danane Raquat White | Kaos Pria Parodi Plesetan Lucu,2
WiZi Anti UV Sport Jacket,2
Onitsuka original mexico 66 ultimate 81 ex cream grey yellow,2
Baju Kemeja Hawaiian Pantai Anak Unisex,2
Sweater Hoodie Pria Oldskull Misty,2
LOOKBOUTIQUESTORE - Glyn Lace Shirt,2
Kaos Wanita Oversize,2
Zipper Hoodie Dewasa Polos,2
Wispie Money Magnet Fitted Shirt,2
Dress Bunny Anak,2
Jam Tangan Anak Original Mason 7026 Digital Strap Rubber,2
Celana import polos pinggang tali serut pinkdose,2
Sepatu Sneakers Wanita,2
Jam Tangan Pria Analog,2
MaruKids - Dexter Shirt,2
Bikini,2
ECINOS - Philia Oversized Linen Shirt,2
Tas Sekolah Tas Anak Tk Paud Cartoon Excavator,2
Tas Ransel Pria,2
Jas Blazer Wisuda Pria Formal Polos Warna Hitam Navy,2
Kaos anak distro bahan katun premium,2
Jam Tangan Wanita JT 8151,2
Vintage Casual Premium Zipper,2
Jaket Baseball Fleece Big Size,1
Point One NINDY Khaki Tunik Dress,1
Jaket Wanita Parasut Kekinian Zipper Anti Air Angin Windbreaker Motor Waterproof Windproof,1
MOSSDOOM Tas Wanita Kattie Bag Slingbag,1
CHARLOTTE 01 28 MM,1
Jam Tangan Pria Kulit,1
Oversize tshirt Wanita,1
Varsity Hoodie Kupluk BEAR X Anak,1
Jam Tangan Wanita Casio General LTP-V007L-7B1 Tank Silver Dial Black Leather Band,1
Wide High Jeans,1
Tas Ransel Laptop,1
MIISOO Tas Sekolah Laksana School Bag/Tas Sekolah Anak,1
Single Shirt,1
Dress Anak Perempuan Princess,1
Jaket Puffer Polos Anak Laki laki dan Perempuan,1
Gaun Pesta Anak Perempuan Premium Dress,1
Modern,1
Kahla Gamis Premium Dress Wanita - Teman Serumpun - Edisi Kamboja,1
