"id";"STATUS";"total_amount";"customer_id";"billing_email";"date_created_gmt";"ip_address"
"1036";"wc-processing";"62700,00000000";"62";"mgreallyo@quantcast.com";"2025-05-08 22:36:36";"118.99.118.196"
"1037";"wc-processing";"329000,00000000";"63";"enernp@weibo.com";"2025-05-08 22:53:26";"118.99.118.196"
"1038";"wc-processing";"550000,00000000";"64";"rlangfatq@istockphoto.com";"2025-05-08 22:56:25";"118.99.118.196"
"1039";"wc-processing";"159000,00000000";"65";"akorneichikr@quantcast.com";"2025-05-08 22:59:51";"118.99.118.196"
"1040";"wc-processing";"160000,00000000";"66";"ggerards@instagram.com";"2025-05-08 23:02:06";"118.99.118.196"
"1041";"wc-processing";"44900,00000000";"67";"abrosiust@sun.com";"2025-05-08 23:10:21";"118.99.118.196"
"1042";"wc-processing";"160000,00000000";"68";"jdebellu@nationalgeographic.com";"2025-05-08 23:12:14";"118.99.118.196"
"1043";"wc-processing";"379000,00000000";"69";"lseagrovev@usa.gov";"2025-05-08 23:19:30";"118.99.118.196"
"1044";"wc-processing";"379000,00000000";"70";"epieroniw@blogs.com";"2025-05-08 23:23:15";"118.99.118.196"
"1045";"wc-processing";"52000,00000000";"71";"nveelx@123-reg.co.uk";"2025-05-08 23:25:58";"118.99.118.196"
"1046";"wc-processing";"44900,00000000";"72";"dfassety@unicef.org";"2025-05-08 23:28:35";"118.99.118.196"
"1047";"wc-processing";"329000,00000000";"73";"slangtryz@indiegogo.com";"2025-05-08 23:30:49";"118.99.118.196"
"1049";"wc-processing";"550000,00000000";"23";"wbuchanan0@reference.com";"2025-05-09 14:08:55";"114.10.137.72"
"1050";"wc-processing";"44900,00000000";"28";"acockin1@noaa.gov";"2025-05-09 14:14:17";"114.10.137.72"
"1051";"wc-processing";"62700,00000000";"31";"rleng2@accuweather.com";"2025-05-09 14:17:37";"114.10.137.72"
"1052";"wc-processing";"52000,00000000";"34";"kziehms3@msn.com";"2025-05-09 14:20:17";"114.10.137.72"
"1053";"wc-processing";"86601,00000000";"39";"bbeckinsale4@vinaora.com";"2025-05-09 14:23:08";"114.10.137.72"
"1054";"wc-processing";"57100,00000000";"40";"rpascho5@jigsy.com";"2025-05-09 14:26:15";"114.10.137.72"
"1055";"wc-processing";"139000,00000000";"42";"nbaudassi6@virginia.edu";"2025-05-09 14:28:54";"114.10.137.72"
"1056";"wc-processing";"137750,00000000";"44";"lmcilvoray7@eepurl.com";"2025-05-09 14:31:28";"114.10.137.72"
"1057";"wc-processing";"129000,00000000";"45";"hkemston8@deviantart.com";"2025-05-09 14:34:08";"114.10.137.72"
"1058";"wc-processing";"121000,00000000";"46";"dtambling9@over-blog.com";"2025-05-09 14:36:31";"114.10.137.72"
"1059";"wc-processing";"164000,00000000";"50";"obockha@msn.com";"2025-05-09 14:39:27";"114.10.137.72"
"1060";"wc-processing";"55000,00000000";"52";"kdymottb@chicagotribune.com";"2025-05-09 14:41:49";"114.10.137.72"
"1068";"wc-processing";"151900,00000000";"14";"dgrindley20@usatoday.com";"2025-05-09 15:25:46";"118.99.64.211"
"1069";"wc-processing";"329000,00000000";"16";"ncloake21@sakura.ne.jp";"2025-05-09 15:34:35";"118.99.64.211"
"1070";"wc-processing";"20580,00000000";"21";"sgallegos22@godaddy.com";"2025-05-09 15:37:30";"118.99.64.211"
"1071";"wc-processing";"780000,00000000";"24";"rwhatham23@ted.com";"2025-05-09 15:39:17";"118.99.64.211"
"1072";"wc-processing";"1150000,00000000";"27";"swittman24@aol.com";"2025-05-09 15:41:10";"118.99.64.211"
"1073";"wc-processing";"160000,00000000";"29";"abeall25@mtv.com";"2025-05-09 15:42:53";"118.99.64.211"
"1074";"wc-processing";"379000,00000000";"30";"lgambell26@nih.gov";"2025-05-09 15:44:29";"118.99.64.211"
"1075";"wc-processing";"55000,00000000";"32";"dbrideaux27@mit.edu";"2025-05-09 15:46:05";"118.99.64.211"
"1076";"wc-processing";"159000,00000000";"33";"sschapiro28@amazon.com";"2025-05-09 15:48:01";"118.99.64.211"
"1077";"wc-processing";"30500,00000000";"35";"bochterlony29@amazon.com";"2025-05-09 15:49:50";"118.99.64.211"
"1078";"wc-processing";"149000,00000000";"37";"curvoy2a@ezinearticles.com";"2025-05-09 15:51:23";"118.99.64.211"
"1079";"wc-processing";"700000,00000000";"38";"vprozescky2b@toplist.cz";"2025-05-09 15:53:50";"118.99.64.211"
"1081";"wc-processing";"499000,00000000";"20";"aaguilar2d@vkontakte.ru";"2025-05-09 16:31:12";"180.242.232.29"
"1082";"wc-processing";"473000,00000000";"22";"hswanborrow2e@weather.com";"2025-05-09 16:34:01";"180.242.232.29"
"1083";"wc-processing";"449000,00000000";"26";"ccothey2f@smugmug.com";"2025-05-09 16:38:41";"180.242.232.29"
"1084";"wc-processing";"179000,00000000";"41";"vbohills2g@amazon.com";"2025-05-09 16:48:14";"180.242.232.29"
"1085";"wc-processing";"749000,00000000";"43";"rengelbrecht2h@drupal.org";"2025-05-09 16:50:32";"180.242.232.29"
"1086";"wc-processing";"381000,00000000";"47";"ndealey2i@odnoklassniki.ru";"2025-05-09 16:53:57";"180.242.232.29"
"1087";"wc-processing";"779000,00000000";"49";"czanini2j@berkeley.edu";"2025-05-09 16:55:54";"180.242.232.29"
"1088";"wc-processing";"408114,00000000";"51";"aallibon2k@bing.com";"2025-05-09 16:59:00";"180.242.232.29"
"1089";"wc-processing";"75325,00000000";"86";"kixer1o@senate.gov";"2025-05-09 17:00:25";"103.3.221.19"
"1090";"wc-processing";"169000,00000000";"54";"mollier2l@sitemeter.com";"2025-05-09 17:01:14";"180.242.232.29"
"1091";"wc-processing";"329000,00000000";"56";"hbowkett2m@gravatar.com";"2025-05-09 17:02:46";"180.242.232.29"
"1092";"wc-processing";"550000,00000000";"58";"edacosta2n@acquirethisname.com";"2025-05-09 17:04:14";"180.242.232.29"
"1093";"wc-processing";"55000,00000000";"87";"tandrioli1p@google.es";"2025-05-09 17:28:14";"103.3.221.19"
"1094";"wc-processing";"119000,00000000";"88";"wdat1q@home.pl";"2025-05-09 17:33:43";"103.3.221.19"
"1095";"wc-processing";"160000,00000000";"89";"gdyka1r@columbia.edu";"2025-05-09 17:38:08";"103.3.221.19"
"1096";"wc-processing";"209000,00000000";"90";"vwedge1s@typepad.com";"2025-05-09 17:42:15";"103.3.221.19"
"1100";"wc-processing";"729019,00000000";"15";"oologanc@imgur.com";"2025-05-10 04:02:09";"103.154.110.177"
"1102";"wc-processing";"650400,00000000";"19";"jmanniee@google.com.au";"2025-05-10 04:13:21";"103.154.110.177"
"1103";"wc-on-hold";"870019,00000000";"25";"kcalenderf@shinystat.com";"2025-05-10 04:15:20";"103.154.110.177"
"1104";"wc-processing";"857300,00000000";"36";"fpreshawg@china.com.cn";"2025-05-10 04:17:23";"103.154.110.177"
"1105";"wc-processing";"657526,00000000";"48";"cclubbh@marketwatch.com";"2025-05-10 04:19:47";"103.154.110.177"
"1106";"wc-processing";"910800,00000000";"53";"rwinrami@cnn.com";"2025-05-10 04:21:20";"103.154.110.177"
"1107";"wc-processing";"1455314,00000000";"55";"rplewsj@paypal.com";"2025-05-10 04:23:03";"103.154.110.177"
"1108";"wc-processing";"399314,00000000";"57";"igrissk@addtoany.com";"2025-05-10 04:26:25";"103.154.110.177"
"1109";"wc-processing";"1313701,00000000";"59";"rcrownshawl@cnet.com";"2025-05-10 04:34:28";"103.154.110.177"
"1110";"wc-processing";"1622300,00000000";"60";"mgobolosm@who.int";"2025-05-10 04:42:13";"103.154.110.177"
"1111";"wc-processing";"1789901,00000000";"61";"narmfieldn@cyberchimps.com";"2025-05-10 04:44:00";"103.154.110.177"
"1122";"wc-processing";"55000,00000000";"58";"edacosta2n@acquirethisname.com";"2025-05-10 05:59:01";"180.243.107.39"
"1124";"wc-processing";"200019,00000000";"98";"bmuston2o@altervista.org";"2025-05-10 06:01:07";"180.243.107.39"
"1126";"wc-processing";"1141000,00000000";"99";"zattarge2p@hostgator.com";"2025-05-10 06:03:14";"180.243.107.39"
"1129";"wc-processing";"301900,00000000";"100";"cbadwick2q@ox.ac.uk";"2025-05-10 06:04:51";"180.243.107.39"
"1132";"wc-processing";"751000,00000000";"101";"ckingsnod2r@cnet.com";"2025-05-10 06:06:21";"180.243.107.39"
"1134";"wc-processing";"186800,00000000";"74";"tloyd10@sogou.com";"2025-05-10 06:06:27";"180.242.235.124"
"1137";"wc-processing";"126900,00000000";"102";"dleeman0@hatena.ne.jp";"2025-05-10 06:08:56";"180.243.107.39"
"1138";"wc-processing";"99000,00000000";"75";"tguiraud11@dropbox.com";"2025-05-10 06:11:13";"180.242.235.124"
"1139";"wc-processing";"665000,00000000";"103";"gpesterfield1@prlog.org";"2025-05-10 06:11:41";"180.243.107.39"
"1141";"wc-processing";"1889000,00000000";"104";"mendean2@w3.org";"2025-05-10 06:14:01";"180.243.107.39"
"1142";"wc-processing";"195000,00000000";"76";"yewenson12@yahoo.co.jp";"2025-05-10 06:14:06";"180.242.235.124"
"1144";"wc-processing";"663500,00000000";"105";"jabrahamson3@ehow.com";"2025-05-10 06:16:13";"180.243.107.39"
"1145";"wc-processing";"58600,00000000";"77";"eguillain13@utexas.edu";"2025-05-10 06:18:13";"180.242.235.124"
"1146";"wc-processing";"839999,00000000";"106";"jpropper4@wunderground.com";"2025-05-10 06:18:40";"180.243.107.39"
"1147";"wc-processing";"250000,00000000";"78";"ldjekovic14@digg.com";"2025-05-10 06:21:33";"180.242.235.124"
"1148";"wc-processing";"341704,00000000";"108";"abillett5@newsvine.com";"2025-05-10 06:21:58";"180.243.107.39"
"1149";"wc-processing";"84314,00000000";"79";"clicas15@hostgator.com";"2025-05-10 06:23:31";"180.242.235.124"
"1152";"wc-processing";"59999,00000000";"80";"jcellier16@twitpic.com";"2025-05-10 06:27:14";"180.242.235.124"
"1153";"wc-processing";"623000,00000000";"107";"jklaff6@phpbb.com";"2025-05-10 06:28:58";"180.243.107.39"
"1154";"wc-processing";"299000,00000000";"81";"ceastmead17@ft.com";"2025-05-10 06:29:50";"180.242.235.124"
"1155";"wc-processing";"325000,00000000";"82";"lwindus18@aboutads.info";"2025-05-10 06:31:48";"180.242.235.124"
"1156";"wc-processing";"472800,00000000";"109";"darntzen7@weibo.com";"2025-05-10 06:32:18";"180.243.107.39"
"1157";"wc-processing";"69000,00000000";"83";"csiddaley19@sitemeter.com";"2025-05-10 06:34:45";"180.242.235.124"
"1158";"wc-processing";"346977,00000000";"98";"bmuston2o@altervista.org";"2025-05-10 06:34:46";"180.243.107.39"
"1159";"wc-processing";"948000,00000000";"99";"zattarge2p@hostgator.com";"2025-05-10 06:35:39";"180.243.107.39"
"1160";"wc-processing";"379000,00000000";"84";"tsherrock1a@friendfeed.com";"2025-05-10 06:36:37";"180.242.235.124"
"1161";"wc-processing";"1494500,00000000";"100";"cbadwick2q@ox.ac.uk";"2025-05-10 06:36:48";"180.243.107.39"
"1162";"wc-processing";"276000,00000000";"85";"sstormes1b@linkedin.com";"2025-05-10 06:38:55";"180.242.235.124"
"1163";"wc-processing";"572400,00000000";"101";"ckingsnod2r@cnet.com";"2025-05-10 06:40:57";"180.243.107.39"
"1164";"wc-processing";"339019,00000000";"101";"ckingsnod2r@cnet.com";"2025-05-10 06:43:32";"180.243.107.39"
"1165";"wc-processing";"979000,00000000";"102";"dleeman0@hatena.ne.jp";"2025-05-10 06:45:01";"180.243.107.39"
"1166";"wc-processing";"555500,00000000";"103";"gpesterfield1@prlog.org";"2025-05-10 07:10:30";"180.243.107.39"
"1167";"wc-processing";"452314,00000000";"104";"mendean2@w3.org";"2025-05-10 07:12:41";"180.243.107.39"
"1168";"wc-processing";"2064000,00000000";"105";"jabrahamson3@ehow.com";"2025-05-10 07:13:51";"180.243.107.39"
"1169";"wc-processing";"634000,00000000";"105";"jabrahamson3@ehow.com";"2025-05-10 07:15:40";"180.243.107.39"
"1170";"wc-processing";"550000,00000000";"106";"jpropper4@wunderground.com";"2025-05-10 07:17:02";"180.243.107.39"
"1171";"wc-processing";"569000,00000000";"108";"abillett5@newsvine.com";"2025-05-10 07:18:16";"180.243.107.39"
"1172";"wc-processing";"84300,00000000";"107";"jklaff6@phpbb.com";"2025-05-10 07:19:43";"180.243.107.39"
"1173";"wc-processing";"780000,00000000";"109";"darntzen7@weibo.com";"2025-05-10 07:20:38";"180.243.107.39"
"1174";"wc-processing";"93400,00000000";"90";"vwedge1s@typepad.com";"2025-05-10 07:50:35";"180.248.184.92"
"1175";"wc-processing";"115000,00000000";"91";"barnholdt1t@un.org";"2025-05-10 07:54:18";"180.248.184.92"
"1176";"wc-processing";"160000,00000000";"92";"manger1u@blog.com";"2025-05-10 07:56:18";"180.248.184.92"
"1177";"wc-processing";"215000,00000000";"93";"hclayson1v@yahoo.com";"2025-05-10 08:01:50";"180.248.184.92"
"1178";"wc-processing";"151900,00000000";"94";"mrandal1w@latimes.com";"2025-05-10 08:08:08";"180.248.184.92"
"1179";"wc-processing";"31000,00000000";"95";"akirkup1x@parallels.com";"2025-05-10 08:10:36";"180.248.184.92"
"1180";"wc-processing";"269000,00000000";"96";"baspinal1y@fc2.com";"2025-05-10 08:13:52";"180.248.184.92"
"1181";"wc-processing";"160000,00000000";"97";"calway1z@wix.com";"2025-05-10 08:17:14";"180.248.184.92"
